Q4,Q5,Q8_a,Q8_b,Q8_c,Q8_d,Q8_e,Q8_f,Q8_g,Q8_h,Q8_i,Q9_a,Q9_b,Q9_c,Q9_d,Q9_e,Q10_a,Q10_b,Q10_c,Q10_d,Q10_e,Q11,Q12_GFH,Q12_SWH,Q13_NIR,Q13_air,Q13_build,Q13_weight,Q13_rfid,Q13_sens_build,Q13_sens_air,Q13_robot,Q14_a,Q14_b,Q14_c,Q16_real,Q16_report,Q16_eval,Q16_doc,Q16_control,Q18_FD,Q19_a,Q19_b,Q19_e,Q19_g,Q19_i,Q19_o,S_I,S_II,S_IV,S_V
2.0,2.0,5,2,2,5,5,4,4,5,4,5,5,5,5,5,3,4,3,4,5,2,0,2,2.0,2.0,2.0,2.0,3.0,3.0,2.0,2.0,3.0,3.0,2.0,3.0,4.0,3.0,3.0,4.0,0.0,1.0,1.0,1.0,1.0,1.0,1.0,1.0,1.0,3.0,2.0
2.0,2.0,5,2,2,0,5,4,4,5,4,5,5,5,5,5,3,4,3,5,5,2,0,2,2.0,2.0,2.0,2.0,3.0,2.0,2.0,2.0,3.0,3.0,2.0,3.0,4.0,3.0,3.0,4.0,0.0,1.0,1.0,1.0,1.0,1.0,1.0,1.0,1.0,3.0,2.0
4.0,2.0,5,5,3,4,5,5,5,5,5,5,5,5,5,5,3,5,0,5,5,3,0,2,3.0,3.0,3.0,1.0,3.0,1.0,3.0,1.0,3.0,3.0,3.0,5.0,5.0,5.0,5.0,5.0,5.0,0.0,0.0,0.0,0.0,1.0,1.0,1.0,1.0,1.0,2.0
3.0,2.0,5,5,2,5,5,5,5,5,5,5,3,5,4,5,5,5,5,5,5,3,4,0,3.0,1.0,1.0,2.0,3.0,1.0,1.0,1.0,1.0,1.0,1.0,4.0,4.0,3.0,3.0,4.0,4.0,0.0,0.0,0.0,0.0,0.0,1.0,1.0,1.0,2.0,2.0
4.0,2.0,5,5,3,5,5,5,5,5,5,5,5,5,3,5,4,5,5,5,3,3,3,0,2.0,2.0,1.0,2.0,3.0,1.0,1.0,1.0,1.0,3.0,1.0,4.0,4.0,4.0,4.0,5.0,5.0,0.0,0.0,0.0,0.0,0.0,1.0,1.0,1.0,3.0,1.0
4.0,2.0,5,3,4,5,4,4,3,3,3,5,3,5,4,0,3,5,0,4,0,3,1,0,3.0,3.0,3.0,1.0,3.0,1.0,3.0,3.0,3.0,3.0,3.0,3.0,2.0,3.0,5.0,3.0,4.0,0.0,0.0,0.0,0.0,0.0,1.0,1.0,1.0,2.0,2.0
4.0,2.0,5,4,4,5,4,4,5,5,4,5,4,5,4,4,4,5,5,5,0,3,0,3,2.0,3.0,2.0,1.0,3.0,1.0,3.0,1.0,1.0,3.0,1.0,3.0,5.0,3.0,5.0,4.0,5.0,0.0,0.0,0.0,0.0,0.0,1.0,1.0,1.0,1.0,1.0
4.0,2.0,5,5,3,5,5,5,5,5,5,5,3,5,4,5,5,5,3,5,5,3,0,2,3.0,3.0,2.0,1.0,3.0,1.0,3.0,1.0,1.0,3.0,1.0,4.0,4.0,5.0,5.0,5.0,5.0,0.0,0.0,0.0,0.0,0.0,1.0,1.0,1.0,2.0,1.0
2.0,2.0,4,5,2,5,4,4,4,4,0,5,2,5,5,5,4,5,3,5,3,3,0,2,2.0,2.0,2.0,1.0,3.0,1.0,2.0,1.0,1.0,1.0,2.0,3.0,4.0,3.0,4.0,5.0,4.0,0.0,0.0,0.0,0.0,0.0,1.0,1.0,1.0,2.0,1.0
2.0,2.0,2,5,4,4,5,5,4,4,3,2,2,2,2,2,4,4,5,4,3,3,1,0,3.0,3.0,2.0,2.0,2.0,1.0,1.0,3.0,2.0,1.0,2.0,5.0,5.0,5.0,1.0,4.0,5.0,1.0,1.0,0.0,1.0,1.0,1.0,1.0,3.0,1.0,1.0
4.0,2.0,5,4,5,5,5,5,5,5,4,5,4,5,5,5,4,5,0,5,4,2,2,0,3.0,2.0,2.0,2.0,3.0,2.0,2.0,2.0,2.0,2.0,2.0,3.0,5.0,4.0,5.0,4.0,0.0,1.0,1.0,1.0,1.0,1.0,1.0,1.0,1.0,1.0,0.0
4.0,2.0,5,4,4,5,5,5,5,4,5,5,4,5,5,5,3,5,0,4,2,3,0,3,2.0,3.0,2.0,1.0,3.0,1.0,2.0,1.0,1.0,3.0,2.0,4.0,5.0,4.0,5.0,3.0,5.0,0.0,0.0,0.0,0.0,0.0,1.0,1.0,1.0,2.0,0.0
2.0,2.0,5,5,4,5,4,5,5,4,5,5,4,5,5,5,4,5,0,5,3,3,4,0,2.0,1.0,2.0,1.0,3.0,1.0,1.0,3.0,1.0,3.0,1.0,4.0,4.0,4.0,5.0,5.0,4.0,0.0,0.0,0.0,0.0,0.0,1.0,1.0,1.0,1.0,0.0
2.0,2.0,4,5,4,5,4,5,4,4,5,5,3,5,4,5,4,5,0,4,5,2,3,0,3.0,3.0,2.0,2.0,3.0,2.0,2.0,3.0,2.0,3.0,2.0,5.0,4.0,3.0,5.0,3.0,0.0,1.0,1.0,1.0,1.0,1.0,1.0,1.0,1.0,2.0,1.0
4.0,2.0,5,4,5,5,4,4,5,5,4,5,4,5,5,5,4,5,0,4,5,3,0,2,2.0,3.0,3.0,2.0,3.0,1.0,2.0,2.0,3.0,2.0,1.0,4.0,4.0,3.0,5.0,2.0,5.0,0.0,0.0,0.0,0.0,0.0,1.0,1.0,1.0,3.0,0.0
4.0,2.0,5,5,4,5,4,5,5,5,4,5,4,5,5,5,4,5,4,5,3,3,3,0,2.0,3.0,2.0,1.0,3.0,1.0,1.0,3.0,1.0,2.0,1.0,4.0,5.0,3.0,5.0,5.0,5.0,0.0,0.0,0.0,0.0,0.0,1.0,1.0,1.0,2.0,0.0
4.0,2.0,5,5,5,5,5,5,5,5,5,5,4,5,4,5,4,5,4,5,4,3,4,0,2.0,2.0,1.0,1.0,3.0,1.0,1.0,3.0,1.0,1.0,2.0,4.0,5.0,4.0,5.0,4.0,5.0,0.0,0.0,0.0,0.0,0.0,1.0,1.0,1.0,3.0,1.0
2.0,2.0,5,5,5,5,4,5,5,5,4,5,3,5,5,5,4,5,0,5,4,3,4,0,2.0,3.0,2.0,1.0,3.0,1.0,1.0,3.0,1.0,3.0,1.0,4.0,5.0,4.0,5.0,4.0,5.0,0.0,0.0,0.0,0.0,0.0,1.0,1.0,1.0,2.0,1.0
2.0,2.0,4,4,5,5,4,4,5,5,5,5,4,5,5,5,4,5,5,5,4,3,4,0,2.0,1.0,1.0,1.0,3.0,1.0,1.0,3.0,1.0,2.0,1.0,4.0,5.0,4.0,5.0,4.0,5.0,0.0,0.0,0.0,0.0,0.0,1.0,1.0,1.0,2.0,1.0
2.0,2.0,5,5,4,5,5,4,5,5,4,5,4,5,5,5,4,5,0,5,4,2,3,0,3.0,3.0,2.0,2.0,3.0,2.0,2.0,3.0,2.0,3.0,2.0,4.0,5.0,4.0,5.0,4.0,0.0,1.0,1.0,1.0,1.0,1.0,1.0,1.0,1.0,1.0,1.0
2.0,2.0,5,4,5,5,5,4,5,5,5,5,3,5,4,5,4,5,0,5,4,3,0,3,3.0,2.0,2.0,3.0,3.0,1.0,2.0,3.0,2.0,3.0,1.0,4.0,5.0,4.0,5.0,4.0,5.0,0.0,0.0,0.0,0.0,0.0,1.0,0.0,5.0,2.0,0.0
4.0,2.0,5,5,4,5,5,4,5,5,4,5,4,5,2,5,4,5,0,5,4,3,0,3,2.0,2.0,3.0,1.0,3.0,1.0,3.0,3.0,1.0,2.0,1.0,4.0,4.0,5.0,4.0,3.0,5.0,0.0,0.0,0.0,0.0,0.0,1.0,1.0,1.0,1.0,0.0
2.0,2.0,5,4,4,5,4,5,4,5,5,5,3,5,4,5,4,5,0,4,4,3,3,0,2.0,3.0,1.0,1.0,3.0,1.0,1.0,3.0,1.0,2.0,1.0,5.0,5.0,4.0,5.0,4.0,5.0,0.0,0.0,0.0,0.0,0.0,1.0,1.0,1.0,2.0,1.0
4.0,2.0,5,3,5,5,4,5,5,5,4,5,4,5,5,5,5,5,5,5,4,3,0,3,3.0,3.0,2.0,1.0,3.0,1.0,1.0,3.0,1.0,2.0,1.0,4.0,5.0,4.0,5.0,4.0,5.0,0.0,0.0,0.0,0.0,0.0,1.0,1.0,1.0,1.0,1.0
4.0,2.0,5,4,4,5,5,4,5,5,4,5,3,5,5,5,3,5,5,5,5,3,3,0,2.0,3.0,2.0,1.0,3.0,1.0,1.0,3.0,1.0,3.0,1.0,4.0,5.0,5.0,4.0,4.0,5.0,0.0,0.0,0.0,0.0,0.0,1.0,1.0,1.0,1.0,1.0
4.0,2.0,4,4,5,4,5,5,5,5,5,4,4,5,4,3,4,4,4,4,4,3,0,3,3.0,2.0,1.0,2.0,2.0,1.0,1.0,3.0,3.0,2.0,3.0,5.0,4.0,5.0,3.0,4.0,5.0,1.0,0.0,0.0,0.0,0.0,0.0,1.0,1.0,2.0,2.0
4.0,2.0,5,4,4,3,4,4,4,4,4,5,4,5,4,5,5,5,2,5,2,2,0,2,3.0,3.0,3.0,2.0,3.0,3.0,3.0,3.0,2.0,3.0,2.0,3.0,5.0,3.0,3.0,3.0,0.0,1.0,1.0,1.0,1.0,1.0,1.0,1.0,1.0,2.0,2.0
2.0,2.0,2,5,5,4,5,4,5,5,4,5,4,5,4,5,4,5,2,5,4,3,0,2,3.0,2.0,2.0,1.0,3.0,1.0,1.0,1.0,1.0,3.0,1.0,5.0,5.0,4.0,5.0,3.0,5.0,0.0,0.0,0.0,0.0,0.0,1.0,1.0,6.0,3.0,1.0
4.0,2.0,5,4,4,5,4,5,5,5,3,5,4,5,4,5,5,5,0,5,4,3,0,3,3.0,3.0,2.0,1.0,3.0,1.0,1.0,1.0,1.0,3.0,1.0,4.0,5.0,5.0,5.0,4.0,5.0,0.0,0.0,0.0,0.0,0.0,1.0,1.0,1.0,2.0,1.0
3.0,2.0,5,5,3,5,5,4,5,5,4,5,4,5,3,5,4,5,4,5,4,3,0,4,2.0,3.0,1.0,1.0,3.0,1.0,1.0,1.0,1.0,3.0,1.0,4.0,5.0,4.0,5.0,4.0,5.0,0.0,0.0,0.0,0.0,0.0,1.0,1.0,1.0,2.0,1.0
4.0,2.0,5,4,5,5,5,4,5,5,4,5,4,5,4,5,5,5,0,5,3,3,0,3,2.0,3.0,2.0,1.0,3.0,1.0,1.0,1.0,1.0,3.0,1.0,4.0,5.0,4.0,5.0,3.0,5.0,0.0,0.0,0.0,0.0,0.0,1.0,1.0,1.0,1.0,1.0
4.0,2.0,3,4,3,4,5,5,4,5,5,4,3,4,4,3,4,4,3,5,4,3,2,0,3.0,2.0,2.0,1.0,3.0,1.0,2.0,2.0,3.0,1.0,3.0,4.0,5.0,5.0,3.0,3.0,5.0,0.0,0.0,0.0,0.0,0.0,0.0,1.0,3.0,3.0,1.0
4.0,2.0,4,0,0,3,5,4,5,5,5,5,5,5,5,4,5,5,5,3,3,3,4,0,3.0,1.0,1.0,1.0,3.0,1.0,1.0,3.0,3.0,1.0,2.0,5.0,5.0,5.0,5.0,5.0,4.0,1.0,0.0,0.0,0.0,0.0,1.0,1.0,1.0,3.0,2.0
4.0,2.0,1,4,4,4,4,4,4,4,4,4,4,4,4,4,4,4,4,4,4,3,0,2,1.0,2.0,1.0,2.0,2.0,1.0,2.0,1.0,3.0,3.0,2.0,3.0,4.0,4.0,4.0,4.0,4.0,1.0,0.0,0.0,0.0,0.0,1.0,1.0,5.0,3.0,1.0
2.0,2.0,2,5,5,1,5,5,5,5,5,5,0,1,1,1,5,5,5,0,0,3,4,0,3.0,1.0,2.0,1.0,3.0,1.0,2.0,3.0,3.0,2.0,3.0,5.0,5.0,5.0,5.0,5.0,1.0,1.0,1.0,0.0,1.0,0.0,0.0,1.0,1.0,3.0,2.0
3.0,1.0,3,4,3,3,4,5,4,5,3,3,4,4,2,2,4,3,3,2,2,3,4,0,3.0,1.0,1.0,3.0,3.0,1.0,1.0,3.0,3.0,1.0,3.0,5.0,5.0,4.0,4.0,4.0,5.0,1.0,0.0,0.0,0.0,0.0,1.0,0.0,4.0,3.0,2.0
4.0,2.0,3,4,4,2,4,3,4,4,2,2,2,2,2,2,3,4,5,3,3,3,1,0,3.0,3.0,2.0,2.0,3.0,2.0,1.0,3.0,2.0,2.0,2.0,4.0,4.0,4.0,2.0,2.0,2.0,0.0,0.0,0.0,0.0,0.0,0.0,1.0,3.0,2.0,2.0
4.0,2.0,2,4,4,2,3,2,3,4,2,2,2,2,2,2,2,3,4,3,3,2,3,0,3.0,3.0,2.0,3.0,3.0,2.0,3.0,3.0,3.0,2.0,2.0,4.0,4.0,4.0,1.0,3.0,0.0,1.0,1.0,1.0,1.0,1.0,1.0,1.0,2.0,2.0,0.0
4.0,2.0,3,4,4,4,4,4,4,4,4,1,2,1,2,2,3,3,3,3,3,2,4,0,3.0,3.0,2.0,3.0,3.0,2.0,2.0,3.0,2.0,3.0,3.0,5.0,1.0,1.0,1.0,3.0,0.0,1.0,1.0,1.0,1.0,1.0,1.0,1.0,2.0,1.0,1.0
3.0,2.0,2,4,4,2,3,3,3,4,1,2,2,2,2,2,2,3,3,3,3,1,0,0,0.0,0.0,0.0,0.0,0.0,0.0,0.0,0.0,0.0,0.0,0.0,0.0,0.0,0.0,0.0,0.0,0.0,1.0,1.0,1.0,1.0,1.0,1.0,1.0,2.0,1.0,1.0
3.0,2.0,2,4,4,2,0,0,0,0,0,1,1,1,1,1,0,2,4,0,0,2,1,0,2.0,3.0,2.0,3.0,3.0,2.0,3.0,2.0,2.0,2.0,2.0,4.0,4.0,4.0,1.0,5.0,0.0,1.0,1.0,1.0,1.0,1.0,1.0,1.0,2.0,3.0,2.0
1.0,1.0,3,1,1,1,4,4,4,4,4,2,2,2,1,1,2,2,2,4,3,1,0,0,0.0,0.0,0.0,0.0,0.0,0.0,0.0,0.0,0.0,0.0,0.0,0.0,0.0,0.0,0.0,0.0,0.0,1.0,1.0,1.0,1.0,1.0,1.0,1.0,2.0,2.0,1.0
2.0,2.0,1,2,3,2,4,4,4,4,4,3,2,2,2,2,2,2,2,2,3,2,3,0,3.0,2.0,2.0,3.0,3.0,3.0,3.0,3.0,3.0,2.0,2.0,4.0,2.0,2.0,1.0,5.0,0.0,1.0,1.0,1.0,1.0,1.0,1.0,1.0,2.0,1.0,1.0
3.0,2.0,5,5,5,4,5,5,4,5,5,3,3,2,2,2,4,3,3,3,3,3,0,4,3.0,3.0,1.0,1.0,3.0,1.0,1.0,1.0,2.0,1.0,2.0,4.0,4.0,4.0,2.0,4.0,4.0,0.0,0.0,0.0,1.0,0.0,0.0,1.0,4.0,2.0,1.0
2.0,2.0,4,4,3,2,5,5,5,5,4,5,4,4,3,4,4,3,3,2,0,3,2,0,1.0,2.0,1.0,2.0,3.0,1.0,2.0,3.0,3.0,2.0,2.0,3.0,5.0,5.0,4.0,4.0,5.0,0.0,0.0,0.0,0.0,0.0,1.0,1.0,1.0,3.0,2.0
2.0,2.0,1,4,4,3,3,3,3,5,4,2,2,1,1,1,2,2,2,3,3,1,0,0,0.0,0.0,0.0,0.0,0.0,0.0,0.0,0.0,0.0,0.0,0.0,0.0,0.0,0.0,0.0,0.0,0.0,1.0,1.0,1.0,1.0,1.0,1.0,1.0,2.0,1.0,1.0
2.0,2.0,1,3,2,4,2,2,3,5,1,2,2,2,2,2,2,2,3,2,3,1,0,0,0.0,0.0,0.0,0.0,0.0,0.0,0.0,0.0,0.0,0.0,0.0,0.0,0.0,0.0,0.0,0.0,0.0,1.0,1.0,1.0,1.0,1.0,1.0,1.0,2.0,1.0,2.0
3.0,2.0,2,4,4,3,4,4,4,4,3,2,2,3,3,3,0,0,3,0,0,2,4,0,3.0,3.0,2.0,3.0,3.0,2.0,2.0,2.0,3.0,2.0,2.0,4.0,4.0,4.0,1.0,3.0,0.0,1.0,1.0,1.0,1.0,1.0,1.0,1.0,2.0,1.0,1.0
3.0,2.0,4,4,4,3,3,2,3,5,2,2,2,2,2,2,2,2,4,3,0,2,4,0,3.0,3.0,2.0,2.0,3.0,3.0,2.0,2.0,2.0,2.0,2.0,4.0,4.0,4.0,3.0,1.0,0.0,1.0,1.0,1.0,1.0,1.0,1.0,1.0,2.0,2.0,2.0
2.0,2.0,3,5,5,2,0,0,3,5,3,2,2,2,2,2,0,0,0,0,0,2,4,0,3.0,3.0,3.0,3.0,3.0,2.0,2.0,3.0,2.0,2.0,2.0,5.0,5.0,3.0,1.0,2.0,0.0,1.0,1.0,1.0,1.0,1.0,1.0,1.0,2.0,3.0,0.0
2.0,2.0,2,5,4,2,3,2,4,4,3,3,2,3,3,3,2,3,4,4,4,2,4,0,3.0,3.0,3.0,2.0,3.0,2.0,2.0,2.0,2.0,2.0,2.0,5.0,3.0,2.0,1.0,4.0,0.0,1.0,1.0,1.0,1.0,1.0,1.0,1.0,2.0,3.0,1.0
2.0,2.0,3,5,5,2,4,3,4,5,2,3,3,3,3,3,0,0,4,4,5,2,4,0,3.0,3.0,3.0,3.0,3.0,3.0,2.0,2.0,2.0,2.0,2.0,5.0,3.0,3.0,2.0,2.0,0.0,1.0,1.0,1.0,1.0,1.0,1.0,1.0,2.0,2.0,2.0
3.0,2.0,3,5,4,4,4,4,3,5,4,2,2,3,3,3,4,3,5,5,5,2,4,0,3.0,3.0,2.0,2.0,3.0,2.0,2.0,2.0,2.0,2.0,2.0,5.0,5.0,4.0,2.0,4.0,0.0,1.0,1.0,1.0,1.0,1.0,1.0,1.0,2.0,2.0,2.0
2.0,2.0,2,4,5,2,3,3,4,4,3,2,2,4,3,3,4,3,4,4,0,2,1,0,3.0,3.0,3.0,3.0,3.0,3.0,3.0,2.0,3.0,2.0,2.0,4.0,3.0,3.0,1.0,1.0,0.0,1.0,1.0,1.0,1.0,1.0,1.0,1.0,2.0,1.0,1.0
2.0,2.0,2,2,3,1,2,2,3,3,2,2,2,1,1,1,2,2,3,3,2,1,0,0,0.0,0.0,0.0,0.0,0.0,0.0,0.0,0.0,0.0,0.0,0.0,0.0,0.0,0.0,0.0,0.0,0.0,1.0,1.0,1.0,1.0,1.0,1.0,1.0,2.0,2.0,2.0
1.0,2.0,2,4,4,2,3,3,5,5,4,2,2,4,3,2,3,3,5,4,4,2,4,0,3.0,3.0,2.0,2.0,3.0,2.0,2.0,2.0,2.0,2.0,2.0,5.0,4.0,4.0,2.0,3.0,0.0,1.0,1.0,1.0,1.0,1.0,1.0,1.0,2.0,3.0,2.0
2.0,2.0,2,2,2,5,2,2,3,3,2,3,2,4,2,3,4,3,4,4,4,1,0,0,0.0,0.0,0.0,0.0,0.0,0.0,0.0,0.0,0.0,0.0,0.0,0.0,0.0,0.0,0.0,0.0,0.0,1.0,1.0,1.0,1.0,1.0,1.0,1.0,2.0,1.0,1.0
2.0,2.0,0,5,4,0,5,4,4,5,5,3,1,1,1,2,3,3,1,4,3,3,2,0,3.0,3.0,2.0,1.0,3.0,1.0,3.0,2.0,3.0,2.0,2.0,5.0,2.0,2.0,1.0,2.0,5.0,0.0,0.0,0.0,0.0,1.0,1.0,1.0,6.0,3.0,0.0
2.0,1.0,3,4,3,3,4,4,4,4,4,4,3,2,3,3,0,3,3,4,4,3,2,0,2.0,1.0,2.0,1.0,3.0,2.0,2.0,2.0,2.0,2.0,2.0,3.0,4.0,4.0,3.0,3.0,4.0,0.0,1.0,0.0,0.0,1.0,0.0,1.0,6.0,2.0,2.0
2.0,2.0,0,1,1,3,4,4,5,5,1,5,2,3,2,4,2,3,2,2,4,3,0,1,2.0,3.0,1.0,3.0,3.0,3.0,3.0,3.0,3.0,3.0,3.0,5.0,5.0,4.0,5.0,5.0,0.0,0.0,1.0,0.0,1.0,1.0,0.0,1.0,3.0,1.0,2.0
4.0,2.0,2,3,1,2,4,3,3,4,5,4,1,4,1,2,2,3,3,4,3,3,3,0,3.0,3.0,1.0,3.0,3.0,3.0,3.0,3.0,3.0,3.0,3.0,3.0,3.0,4.0,3.0,5.0,4.0,0.0,0.0,1.0,1.0,1.0,0.0,1.0,1.0,3.0,2.0
4.0,2.0,1,1,4,4,3,2,4,4,5,2,3,4,4,4,2,2,5,5,4,2,3,2,3.0,2.0,2.0,2.0,3.0,2.0,2.0,3.0,2.0,2.0,2.0,2.0,2.0,3.0,2.0,2.0,0.0,1.0,1.0,1.0,1.0,1.0,1.0,1.0,0.0,3.0,1.0
4.0,2.0,5,5,5,5,5,5,5,5,5,5,3,5,5,3,5,5,5,5,5,3,4,0,1.0,1.0,1.0,1.0,2.0,1.0,1.0,2.0,2.0,2.0,1.0,5.0,5.0,5.0,3.0,5.0,5.0,1.0,0.0,0.0,0.0,0.0,0.0,1.0,1.0,1.0,1.0
3.0,2.0,1,5,5,5,5,5,4,5,5,3,1,3,3,3,2,3,3,3,0,3,1,2,2.0,1.0,2.0,1.0,3.0,2.0,1.0,1.0,2.0,2.0,2.0,4.0,5.0,5.0,4.0,5.0,4.0,1.0,0.0,1.0,0.0,1.0,0.0,1.0,0.0,2.0,2.0
4.0,2.0,4,5,4,4,5,5,5,5,5,5,3,4,4,4,3,3,0,4,0,3,3,0,2.0,1.0,1.0,1.0,3.0,3.0,1.0,2.0,3.0,3.0,2.0,5.0,3.0,4.0,2.0,5.0,5.0,1.0,0.0,0.0,0.0,0.0,0.0,1.0,4.0,2.0,1.0
3.0,2.0,4,3,3,4,5,4,5,5,5,4,2,3,2,2,4,5,5,5,5,3,3,0,3.0,1.0,1.0,1.0,3.0,1.0,1.0,3.0,3.0,2.0,2.0,4.0,4.0,3.0,3.0,4.0,2.0,1.0,1.0,1.0,1.0,1.0,1.0,1.0,5.0,2.0,0.0
4.0,2.0,4,4,3,3,5,5,5,5,5,5,3,4,4,4,4,5,3,5,4,3,4,0,1.0,1.0,1.0,1.0,3.0,1.0,1.0,2.0,3.0,2.0,2.0,5.0,5.0,5.0,3.0,5.0,4.0,0.0,0.0,0.0,0.0,0.0,0.0,1.0,4.0,2.0,2.0
4.0,2.0,1,5,3,5,5,5,4,5,5,5,3,5,0,0,3,5,3,0,0,3,3,0,3.0,1.0,1.0,1.0,3.0,2.0,1.0,3.0,3.0,2.0,2.0,1.0,5.0,5.0,3.0,5.0,3.0,1.0,0.0,0.0,1.0,0.0,1.0,0.0,4.0,2.0,2.0
3.0,2.0,3,3,3,4,4,4,4,4,4,4,2,2,3,1,3,3,3,4,4,3,1,0,2.0,1.0,1.0,2.0,3.0,1.0,1.0,2.0,2.0,2.0,2.0,4.0,3.0,4.0,3.0,3.0,4.0,1.0,1.0,1.0,0.0,0.0,1.0,1.0,3.0,2.0,2.0
2.0,2.0,5,5,0,5,5,5,5,5,5,0,0,0,0,0,5,5,5,5,5,3,1,0,3.0,1.0,3.0,1.0,3.0,1.0,2.0,1.0,1.0,1.0,3.0,5.0,5.0,5.0,4.0,4.0,5.0,0.0,0.0,0.0,0.0,0.0,0.0,1.0,2.0,2.0,2.0
2.0,0.0,2,4,1,4,5,5,5,5,4,4,2,5,5,0,4,4,5,4,5,2,1,0,3.0,3.0,2.0,3.0,3.0,2.0,2.0,3.0,3.0,3.0,3.0,5.0,1.0,5.0,5.0,5.0,0.0,1.0,1.0,1.0,1.0,1.0,1.0,1.0,4.0,3.0,2.0
4.0,2.0,1,5,5,3,3,5,5,5,5,1,1,3,1,3,1,3,1,3,2,3,0,2,2.0,1.0,1.0,2.0,2.0,1.0,2.0,2.0,2.0,2.0,2.0,4.0,4.0,4.0,2.0,4.0,3.0,1.0,0.0,1.0,1.0,0.0,1.0,1.0,4.0,2.0,2.0
4.0,2.0,4,5,4,4,5,5,5,5,5,5,4,5,5,4,4,4,4,5,4,3,3,0,3.0,1.0,1.0,1.0,2.0,3.0,1.0,2.0,3.0,2.0,2.0,5.0,5.0,5.0,5.0,5.0,5.0,1.0,0.0,0.0,0.0,0.0,0.0,1.0,2.0,2.0,2.0
2.0,2.0,3,3,3,4,2,3,1,1,2,2,3,2,2,3,1,2,2,3,2,3,3,0,2.0,1.0,1.0,1.0,2.0,1.0,1.0,3.0,2.0,2.0,3.0,3.0,2.0,3.0,4.0,2.0,2.0,0.0,0.0,1.0,1.0,0.0,1.0,1.0,1.0,3.0,1.0
3.0,2.0,4,3,1,1,3,4,4,5,5,5,4,4,3,2,4,3,3,3,1,3,4,0,3.0,1.0,1.0,1.0,3.0,1.0,1.0,3.0,3.0,3.0,3.0,4.0,2.0,2.0,2.0,4.0,5.0,0.0,0.0,0.0,0.0,0.0,0.0,1.0,1.0,2.0,1.0
4.0,2.0,1,5,5,5,5,5,5,5,5,4,3,1,2,2,3,5,4,3,5,3,0,3,2.0,1.0,2.0,3.0,3.0,1.0,1.0,1.0,3.0,1.0,2.0,4.0,5.0,4.0,5.0,5.0,3.0,1.0,0.0,0.0,1.0,0.0,0.0,1.0,4.0,3.0,2.0
4.0,2.0,4,4,5,4,5,4,4,4,5,4,3,4,3,2,3,3,3,3,3,1,0,0,0.0,0.0,0.0,0.0,0.0,0.0,0.0,0.0,0.0,0.0,0.0,0.0,0.0,0.0,0.0,0.0,0.0,1.0,1.0,1.0,1.0,1.0,1.0,1.0,4.0,2.0,2.0
4.0,2.0,3,3,3,3,4,5,5,5,5,4,1,3,3,1,3,2,2,3,3,3,3,0,3.0,2.0,1.0,1.0,2.0,1.0,1.0,2.0,1.0,3.0,2.0,3.0,3.0,3.0,1.0,3.0,4.0,1.0,1.0,0.0,0.0,1.0,0.0,0.0,4.0,2.0,2.0
2.0,1.0,1,5,5,3,5,5,5,4,5,4,3,2,1,1,3,2,1,1,1,3,0,2,3.0,2.0,2.0,3.0,3.0,1.0,1.0,3.0,3.0,3.0,3.0,5.0,5.0,5.0,4.0,5.0,4.0,0.0,0.0,0.0,0.0,0.0,1.0,1.0,3.0,3.0,2.0
2.0,2.0,3,3,3,3,3,3,3,3,3,5,1,5,1,1,0,0,0,0,0,1,0,0,0.0,0.0,0.0,0.0,0.0,0.0,0.0,0.0,0.0,0.0,0.0,0.0,0.0,0.0,0.0,0.0,0.0,1.0,1.0,1.0,1.0,1.0,1.0,1.0,4.0,2.0,1.0
2.0,2.0,2,3,3,2,4,4,4,4,4,3,3,3,3,2,3,3,4,3,3,2,4,0,3.0,3.0,2.0,3.0,3.0,2.0,2.0,2.0,2.0,2.0,2.0,5.0,5.0,3.0,2.0,3.0,0.0,1.0,1.0,1.0,1.0,1.0,1.0,1.0,2.0,1.0,1.0
3.0,2.0,3,5,5,3,5,5,5,5,5,3,2,3,3,3,4,4,3,4,4,2,4,0,3.0,2.0,2.0,2.0,3.0,2.0,2.0,2.0,2.0,2.0,3.0,4.0,4.0,4.0,2.0,5.0,0.0,1.0,1.0,1.0,1.0,1.0,1.0,1.0,3.0,2.0,2.0
2.0,2.0,4,4,5,5,5,5,4,5,4,4,2,3,3,2,3,4,3,3,3,3,2,0,2.0,3.0,2.0,3.0,3.0,1.0,3.0,2.0,3.0,2.0,2.0,4.0,4.0,4.0,2.0,5.0,4.0,0.0,0.0,0.0,0.0,1.0,0.0,1.0,4.0,2.0,2.0
2.0,2.0,2,4,3,0,5,3,4,4,2,2,2,2,2,3,3,2,3,2,0,3,1,0,2.0,2.0,1.0,1.0,3.0,3.0,1.0,3.0,3.0,3.0,3.0,4.0,1.0,1.0,1.0,5.0,3.0,0.0,1.0,1.0,1.0,0.0,1.0,1.0,4.0,2.0,1.0
2.0,2.0,1,4,5,4,4,4,4,2,2,2,2,1,1,1,4,3,3,3,2,3,0,2,1.0,1.0,1.0,3.0,3.0,3.0,1.0,2.0,3.0,2.0,2.0,3.0,4.0,4.0,4.0,4.0,3.0,1.0,0.0,1.0,1.0,0.0,1.0,1.0,4.0,2.0,2.0
2.0,2.0,4,4,4,4,4,4,4,4,3,2,2,2,1,3,3,2,2,3,3,1,0,0,0.0,0.0,0.0,0.0,0.0,0.0,0.0,0.0,0.0,0.0,0.0,0.0,0.0,0.0,0.0,0.0,0.0,1.0,1.0,1.0,1.0,1.0,1.0,1.0,4.0,2.0,2.0
2.0,2.0,4,5,5,1,5,5,5,5,5,3,4,3,3,3,4,5,4,5,4,3,2,0,3.0,1.0,2.0,3.0,3.0,1.0,1.0,3.0,2.0,2.0,2.0,2.0,1.0,3.0,3.0,5.0,4.0,1.0,1.0,0.0,0.0,0.0,0.0,1.0,4.0,3.0,2.0
2.0,2.0,5,5,3,4,5,5,5,5,5,3,3,3,2,3,4,4,3,3,0,2,2,0,3.0,2.0,2.0,2.0,3.0,2.0,2.0,3.0,3.0,2.0,2.0,5.0,5.0,5.0,3.0,4.0,0.0,1.0,1.0,1.0,1.0,1.0,1.0,1.0,3.0,2.0,2.0
2.0,2.0,2,4,4,3,4,4,3,3,3,3,2,5,3,0,2,4,4,3,4,3,0,2,2.0,1.0,2.0,1.0,2.0,2.0,2.0,1.0,2.0,2.0,2.0,3.0,3.0,4.0,4.0,4.0,4.0,0.0,0.0,0.0,0.0,1.0,0.0,0.0,4.0,3.0,0.0
4.0,2.0,2,2,2,4,4,4,4,4,4,4,4,4,2,2,4,3,2,3,3,3,3,0,3.0,1.0,1.0,3.0,3.0,1.0,1.0,2.0,3.0,3.0,3.0,4.0,4.0,4.0,4.0,4.0,4.0,0.0,0.0,1.0,0.0,0.0,1.0,1.0,1.0,2.0,1.0
2.0,2.0,3,5,4,4,5,5,3,3,4,5,2,4,3,3,3,3,4,4,4,3,3,0,2.0,1.0,2.0,1.0,3.0,2.0,1.0,3.0,3.0,3.0,3.0,5.0,5.0,5.0,5.0,3.0,4.0,0.0,0.0,1.0,0.0,0.0,0.0,1.0,3.0,3.0,1.0
4.0,2.0,4,4,4,5,5,5,5,5,5,4,3,3,3,3,4,4,3,4,4,3,2,1,2.0,1.0,2.0,1.0,2.0,2.0,1.0,2.0,2.0,2.0,2.0,4.0,4.0,4.0,3.0,5.0,3.0,0.0,0.0,1.0,1.0,0.0,1.0,1.0,0.0,2.0,2.0
3.0,0.0,1,1,5,3,4,4,4,4,4,2,4,4,4,4,0,0,0,0,0,1,0,0,0.0,0.0,0.0,0.0,0.0,0.0,0.0,0.0,0.0,0.0,0.0,0.0,0.0,0.0,0.0,0.0,0.0,1.0,1.0,1.0,1.0,1.0,1.0,1.0,3.0,2.0,2.0
4.0,2.0,3,4,0,0,4,4,5,5,3,5,2,4,2,1,2,3,4,4,4,3,1,0,3.0,1.0,1.0,1.0,3.0,2.0,2.0,3.0,1.0,3.0,3.0,3.0,1.0,1.0,1.0,3.0,3.0,0.0,0.0,1.0,1.0,0.0,1.0,1.0,1.0,2.0,1.0
3.0,2.0,1,2,1,1,3,4,4,3,4,3,1,3,2,2,3,3,2,3,3,3,0,2,2.0,1.0,1.0,2.0,3.0,1.0,2.0,3.0,3.0,2.0,3.0,2.0,3.0,3.0,3.0,4.0,3.0,1.0,0.0,1.0,1.0,1.0,1.0,1.0,4.0,2.0,1.0
2.0,2.0,4,3,4,1,4,5,4,5,4,3,1,2,2,3,3,2,3,3,4,1,0,0,0.0,0.0,0.0,0.0,0.0,0.0,0.0,0.0,0.0,0.0,0.0,0.0,0.0,0.0,0.0,0.0,0.0,1.0,1.0,1.0,1.0,1.0,1.0,1.0,3.0,1.0,2.0
3.0,2.0,5,4,2,3,5,3,4,5,5,4,4,2,1,3,4,4,4,4,0,3,2,0,3.0,1.0,2.0,2.0,3.0,2.0,1.0,3.0,3.0,3.0,3.0,5.0,4.0,4.0,5.0,5.0,4.0,0.0,0.0,1.0,0.0,0.0,0.0,1.0,4.0,2.0,2.0
2.0,2.0,3,4,2,1,5,4,4,5,5,4,3,5,4,4,4,4,3,4,4,3,1,0,3.0,3.0,1.0,3.0,3.0,3.0,3.0,3.0,3.0,3.0,3.0,3.0,1.0,2.0,1.0,4.0,0.0,1.0,1.0,0.0,0.0,0.0,1.0,1.0,4.0,2.0,2.0
2.0,2.0,2,4,1,3,5,5,4,4,5,4,4,4,4,3,5,4,4,4,4,3,2,0,3.0,1.0,2.0,1.0,3.0,1.0,1.0,3.0,2.0,1.0,2.0,4.0,4.0,4.0,2.0,5.0,4.0,1.0,0.0,0.0,0.0,0.0,1.0,1.0,1.0,2.0,1.0
4.0,2.0,1,1,1,1,2,3,3,3,3,3,3,3,3,3,3,4,4,3,3,3,1,0,3.0,3.0,1.0,1.0,3.0,3.0,3.0,3.0,1.0,1.0,1.0,3.0,3.0,3.0,3.0,3.0,4.0,1.0,0.0,0.0,0.0,0.0,0.0,0.0,4.0,2.0,0.0
2.0,2.0,3,3,2,3,5,5,5,4,5,1,1,1,0,0,1,4,0,4,0,3,4,0,2.0,1.0,1.0,1.0,3.0,1.0,1.0,2.0,1.0,2.0,2.0,5.0,5.0,1.0,4.0,1.0,5.0,1.0,0.0,0.0,1.0,1.0,0.0,1.0,4.0,2.0,1.0
2.0,2.0,4,5,5,3,5,5,5,5,5,3,2,3,3,4,4,3,2,3,3,2,0,1,2.0,2.0,2.0,2.0,3.0,2.0,2.0,2.0,2.0,3.0,3.0,5.0,5.0,5.0,3.0,5.0,0.0,1.0,1.0,1.0,1.0,1.0,1.0,1.0,4.0,3.0,2.0
3.0,2.0,3,5,2,3,5,5,4,5,5,5,2,2,5,3,2,4,4,4,5,3,0,2,3.0,3.0,1.0,3.0,3.0,1.0,1.0,1.0,3.0,3.0,3.0,5.0,5.0,5.0,5.0,5.0,5.0,0.0,0.0,0.0,0.0,1.0,0.0,1.0,4.0,2.0,0.0
3.0,2.0,1,1,0,0,1,1,1,1,1,1,0,5,0,0,0,0,0,0,0,2,4,0,3.0,2.0,2.0,2.0,3.0,2.0,2.0,3.0,3.0,3.0,2.0,5.0,5.0,1.0,5.0,1.0,0.0,1.0,1.0,1.0,1.0,1.0,1.0,1.0,4.0,1.0,1.0
3.0,2.0,5,5,3,5,5,4,4,4,4,4,2,3,3,2,4,3,3,1,4,3,0,3,1.0,1.0,1.0,1.0,2.0,1.0,2.0,2.0,1.0,1.0,1.0,4.0,5.0,5.0,2.0,5.0,5.0,0.0,1.0,0.0,0.0,0.0,1.0,1.0,1.0,3.0,2.0
2.0,2.0,4,4,3,3,5,4,4,4,5,4,3,2,0,0,4,5,4,4,4,3,1,0,3.0,1.0,3.0,3.0,3.0,3.0,1.0,3.0,3.0,3.0,3.0,4.0,2.0,2.0,2.0,5.0,4.0,0.0,0.0,0.0,0.0,0.0,0.0,1.0,4.0,3.0,2.0
4.0,2.0,4,4,4,0,5,5,5,5,4,4,3,4,4,3,4,4,4,4,4,3,2,0,3.0,1.0,1.0,3.0,3.0,1.0,3.0,3.0,3.0,3.0,3.0,3.0,3.0,4.0,3.0,4.0,4.0,0.0,0.0,0.0,0.0,0.0,0.0,1.0,1.0,1.0,1.0
2.0,2.0,3,0,0,0,5,5,5,5,5,5,3,4,4,4,4,4,4,4,4,3,1,0,3.0,3.0,1.0,3.0,3.0,3.0,3.0,3.0,3.0,3.0,3.0,5.0,4.0,4.0,4.0,5.0,4.0,0.0,0.0,0.0,0.0,0.0,0.0,1.0,2.0,1.0,2.0
2.0,1.0,1,5,5,5,5,5,4,5,5,5,1,3,4,5,0,4,5,4,3,3,0,2,3.0,3.0,1.0,3.0,3.0,1.0,1.0,3.0,3.0,2.0,3.0,1.0,2.0,3.0,4.0,5.0,4.0,0.0,1.0,1.0,0.0,1.0,1.0,1.0,6.0,2.0,0.0
4.0,2.0,1,1,1,1,3,2,4,4,4,1,1,2,1,2,2,2,1,2,1,3,1,0,3.0,3.0,1.0,1.0,3.0,3.0,3.0,3.0,3.0,3.0,2.0,2.0,3.0,3.0,1.0,2.0,5.0,1.0,1.0,1.0,1.0,1.0,1.0,1.0,4.0,2.0,2.0
4.0,2.0,1,3,3,3,3,3,3,4,3,4,3,4,4,3,3,3,4,4,3,3,2,0,3.0,2.0,1.0,2.0,3.0,2.0,1.0,1.0,2.0,3.0,2.0,3.0,1.0,5.0,1.0,4.0,4.0,0.0,0.0,0.0,0.0,0.0,1.0,1.0,4.0,1.0,2.0
3.0,2.0,1,1,1,1,4,0,4,5,3,5,3,3,2,4,1,3,0,1,0,3,0,2,3.0,1.0,1.0,1.0,3.0,3.0,1.0,1.0,3.0,3.0,3.0,5.0,1.0,1.0,1.0,5.0,5.0,0.0,1.0,1.0,0.0,0.0,1.0,1.0,1.0,2.0,1.0
4.0,2.0,5,5,4,3,5,5,4,5,5,5,3,4,4,2,5,3,3,3,3,3,5,0,2.0,1.0,1.0,1.0,3.0,1.0,1.0,1.0,3.0,1.0,3.0,5.0,5.0,5.0,5.0,5.0,5.0,1.0,1.0,1.0,1.0,1.0,1.0,1.0,6.0,2.0,2.0
3.0,2.0,3,3,0,1,5,5,4,5,2,5,0,5,5,2,4,5,0,5,0,3,0,3,3.0,1.0,1.0,1.0,3.0,1.0,1.0,3.0,2.0,3.0,3.0,3.0,3.0,3.0,3.0,3.0,5.0,0.0,1.0,1.0,0.0,0.0,1.0,1.0,1.0,2.0,1.0
4.0,2.0,1,3,1,2,3,1,3,4,4,3,2,2,3,2,2,2,2,2,2,3,4,0,3.0,2.0,3.0,1.0,3.0,3.0,1.0,3.0,3.0,3.0,3.0,3.0,2.0,3.0,1.0,3.0,3.0,0.0,0.0,1.0,0.0,0.0,0.0,1.0,3.0,1.0,1.0
3.0,2.0,0,4,2,3,5,5,4,5,4,4,2,3,0,3,4,4,3,3,0,3,4,0,3.0,1.0,2.0,1.0,3.0,2.0,1.0,1.0,3.0,2.0,2.0,3.0,2.0,4.0,2.0,5.0,4.0,0.0,1.0,1.0,1.0,0.0,0.0,1.0,3.0,2.0,2.0
2.0,2.0,0,0,0,0,3,0,5,5,5,5,5,5,4,3,3,3,3,4,3,3,4,0,3.0,1.0,3.0,1.0,3.0,1.0,1.0,1.0,3.0,3.0,1.0,5.0,5.0,5.0,5.0,5.0,5.0,0.0,0.0,0.0,0.0,0.0,0.0,1.0,1.0,1.0,1.0
4.0,2.0,2,4,3,4,4,4,4,4,4,4,3,4,4,4,2,3,3,3,3,3,4,0,3.0,2.0,2.0,1.0,3.0,3.0,1.0,2.0,1.0,3.0,2.0,4.0,4.0,4.0,4.0,4.0,5.0,0.0,0.0,0.0,1.0,0.0,0.0,1.0,3.0,2.0,1.0
2.0,2.0,4,5,5,3,5,5,4,5,5,4,3,4,4,4,0,3,0,4,3,3,4,0,3.0,1.0,1.0,1.0,3.0,3.0,1.0,3.0,3.0,2.0,3.0,4.0,4.0,4.0,3.0,5.0,5.0,0.0,0.0,0.0,0.0,0.0,0.0,1.0,3.0,2.0,1.0
2.0,2.0,0,2,2,2,3,3,3,3,3,0,0,0,0,0,0,1,1,2,0,1,0,0,0.0,0.0,0.0,0.0,0.0,0.0,0.0,0.0,0.0,0.0,0.0,0.0,0.0,0.0,0.0,0.0,0.0,1.0,1.0,1.0,1.0,1.0,1.0,1.0,1.0,3.0,1.0
4.0,2.0,1,3,2,1,3,4,2,5,4,3,2,2,1,2,3,2,2,3,0,3,3,0,3.0,1.0,3.0,1.0,3.0,3.0,1.0,2.0,2.0,2.0,3.0,5.0,5.0,5.0,1.0,3.0,4.0,0.0,0.0,1.0,1.0,0.0,1.0,1.0,3.0,3.0,2.0
4.0,2.0,1,1,1,1,4,4,4,5,1,5,4,4,4,4,3,3,0,4,3,2,3,0,3.0,2.0,3.0,3.0,3.0,3.0,3.0,3.0,3.0,3.0,3.0,3.0,3.0,4.0,2.0,2.0,0.0,1.0,1.0,1.0,1.0,1.0,1.0,1.0,3.0,2.0,2.0
3.0,2.0,3,5,2,1,5,5,4,5,3,3,1,1,3,0,5,4,3,5,0,1,0,0,0.0,0.0,0.0,0.0,0.0,0.0,0.0,0.0,0.0,0.0,0.0,0.0,0.0,0.0,0.0,0.0,0.0,1.0,1.0,1.0,1.0,1.0,1.0,1.0,3.0,3.0,1.0
4.0,2.0,1,4,3,1,4,1,4,4,4,4,3,3,3,4,4,4,4,4,3,3,0,0,3.0,1.0,1.0,1.0,3.0,2.0,1.0,1.0,2.0,3.0,2.0,5.0,4.0,5.0,4.0,5.0,5.0,0.0,0.0,0.0,0.0,0.0,0.0,1.0,3.0,2.0,1.0
4.0,2.0,1,2,2,4,2,3,3,2,2,2,1,1,2,2,3,2,1,1,1,3,3,0,3.0,3.0,3.0,1.0,3.0,2.0,1.0,2.0,2.0,2.0,2.0,4.0,4.0,3.0,2.0,3.0,5.0,0.0,0.0,0.0,0.0,1.0,0.0,1.0,3.0,2.0,2.0
3.0,2.0,4,5,5,5,3,3,3,3,3,3,4,5,4,4,3,4,4,4,3,3,4,0,2.0,2.0,1.0,1.0,3.0,2.0,1.0,3.0,2.0,2.0,3.0,5.0,5.0,5.0,5.0,5.0,5.0,0.0,0.0,0.0,0.0,0.0,0.0,1.0,1.0,2.0,2.0
4.0,2.0,1,5,0,5,5,4,4,5,5,4,3,2,2,2,0,4,4,4,0,3,3,0,3.0,1.0,3.0,1.0,3.0,3.0,1.0,3.0,2.0,2.0,2.0,5.0,4.0,4.0,5.0,5.0,4.0,0.0,0.0,0.0,0.0,0.0,0.0,1.0,3.0,2.0,2.0
4.0,2.0,4,4,4,5,5,4,4,4,5,5,5,4,4,4,4,5,5,5,5,3,3,0,2.0,1.0,2.0,1.0,3.0,3.0,2.0,2.0,2.0,3.0,3.0,2.0,2.0,2.0,2.0,2.0,5.0,0.0,0.0,0.0,0.0,1.0,1.0,1.0,1.0,2.0,1.0
2.0,2.0,5,5,5,5,5,5,5,5,5,5,3,4,4,4,5,5,5,0,5,3,3,0,2.0,2.0,1.0,2.0,2.0,2.0,2.0,2.0,2.0,2.0,2.0,5.0,5.0,5.0,5.0,5.0,4.0,0.0,0.0,0.0,0.0,0.0,0.0,1.0,1.0,2.0,2.0
2.0,2.0,1,5,2,5,5,5,5,5,4,4,2,2,2,2,0,4,2,4,4,3,4,0,2.0,1.0,2.0,2.0,3.0,1.0,1.0,2.0,2.0,2.0,3.0,4.0,4.0,4.0,5.0,4.0,5.0,0.0,0.0,1.0,0.0,0.0,0.0,1.0,3.0,3.0,0.0
4.0,2.0,2,4,4,3,5,4,5,5,5,4,3,3,3,2,3,3,3,4,3,3,4,0,2.0,1.0,1.0,1.0,3.0,1.0,1.0,2.0,2.0,1.0,1.0,5.0,5.0,5.0,4.0,5.0,3.0,0.0,0.0,0.0,0.0,0.0,0.0,1.0,3.0,2.0,2.0
3.0,2.0,1,2,3,1,3,0,4,5,4,0,0,0,0,4,3,4,0,0,1,2,4,0,3.0,3.0,2.0,2.0,3.0,2.0,2.0,3.0,3.0,3.0,3.0,5.0,4.0,2.0,1.0,5.0,0.0,1.0,1.0,1.0,1.0,1.0,1.0,1.0,3.0,3.0,2.0
2.0,2.0,4,5,4,3,5,4,5,5,5,3,3,2,2,1,2,2,3,3,0,3,4,0,3.0,2.0,2.0,1.0,3.0,2.0,1.0,2.0,3.0,1.0,1.0,5.0,5.0,5.0,5.0,5.0,4.0,0.0,0.0,1.0,0.0,1.0,0.0,1.0,3.0,3.0,1.0
2.0,2.0,3,3,4,4,4,4,4,4,4,3,2,2,1,1,3,3,0,2,3,3,4,0,3.0,2.0,1.0,1.0,3.0,2.0,2.0,3.0,2.0,2.0,2.0,2.0,2.0,2.0,3.0,2.0,4.0,0.0,1.0,1.0,1.0,0.0,1.0,1.0,1.0,3.0,2.0
4.0,2.0,5,5,5,5,5,5,5,5,5,1,1,1,1,1,5,5,3,3,3,3,0,5,1.0,1.0,2.0,2.0,3.0,1.0,1.0,1.0,2.0,2.0,2.0,5.0,5.0,5.0,5.0,5.0,4.0,1.0,0.0,1.0,1.0,0.0,1.0,1.0,4.0,3.0,1.0
3.0,2.0,2,2,1,1,5,5,3,5,5,5,3,3,3,2,3,3,2,4,4,2,4,0,3.0,2.0,2.0,2.0,3.0,3.0,2.0,3.0,3.0,3.0,3.0,5.0,5.0,5.0,4.0,5.0,0.0,1.0,1.0,1.0,1.0,1.0,1.0,1.0,3.0,1.0,2.0
4.0,2.0,5,4,2,4,5,4,3,5,5,5,4,5,4,4,5,5,3,4,4,3,3,0,3.0,1.0,1.0,1.0,2.0,1.0,1.0,3.0,1.0,1.0,2.0,5.0,5.0,5.0,3.0,5.0,5.0,1.0,0.0,1.0,1.0,0.0,1.0,1.0,2.0,2.0,1.0
2.0,2.0,5,5,5,5,5,5,5,5,5,0,0,0,0,0,1,1,5,5,5,1,0,0,0.0,0.0,0.0,0.0,0.0,0.0,0.0,0.0,0.0,0.0,0.0,0.0,0.0,0.0,0.0,0.0,0.0,1.0,1.0,1.0,1.0,1.0,1.0,1.0,1.0,1.0,2.0
3.0,2.0,1,4,3,4,4,2,3,4,4,3,3,2,2,2,4,2,2,3,3,3,1,0,3.0,3.0,2.0,1.0,3.0,3.0,1.0,2.0,3.0,3.0,3.0,4.0,4.0,4.0,3.0,4.0,4.0,0.0,0.0,0.0,0.0,0.0,0.0,1.0,3.0,2.0,1.0
2.0,2.0,4,4,3,4,4,4,3,4,3,4,3,4,4,4,3,3,3,3,3,3,0,4,3.0,1.0,1.0,2.0,2.0,1.0,1.0,2.0,3.0,3.0,3.0,4.0,5.0,4.0,3.0,3.0,4.0,1.0,1.0,0.0,0.0,1.0,1.0,1.0,1.0,2.0,1.0
2.0,2.0,1,4,3,4,4,4,4,4,4,5,3,5,4,0,4,4,4,3,0,3,1,0,3.0,1.0,2.0,2.0,3.0,2.0,2.0,3.0,3.0,3.0,3.0,5.0,2.0,3.0,4.0,3.0,0.0,1.0,0.0,0.0,0.0,0.0,1.0,1.0,1.0,3.0,2.0
2.0,2.0,4,4,3,3,3,2,3,3,3,4,3,3,3,3,3,3,3,3,4,1,0,0,0.0,0.0,0.0,0.0,0.0,0.0,0.0,0.0,0.0,0.0,0.0,0.0,0.0,0.0,0.0,0.0,0.0,1.0,1.0,1.0,1.0,1.0,1.0,1.0,1.0,2.0,1.0
4.0,2.0,3,5,3,3,4,3,4,4,5,0,0,0,2,2,2,2,2,3,0,3,4,0,2.0,1.0,1.0,1.0,3.0,1.0,1.0,1.0,3.0,2.0,2.0,5.0,5.0,5.0,3.0,5.0,4.0,0.0,0.0,1.0,0.0,1.0,0.0,1.0,1.0,1.0,2.0
4.0,2.0,5,5,5,5,5,5,5,5,5,5,4,5,4,4,4,4,4,5,4,3,0,2,2.0,3.0,1.0,2.0,3.0,3.0,2.0,2.0,2.0,2.0,2.0,5.0,3.0,5.0,3.0,4.0,5.0,0.0,0.0,1.0,1.0,0.0,0.0,1.0,1.0,2.0,2.0
2.0,1.0,3,4,2,2,5,5,4,5,4,5,3,3,3,2,2,4,4,4,4,3,0,3,3.0,2.0,1.0,1.0,2.0,2.0,2.0,2.0,1.0,1.0,2.0,4.0,4.0,4.0,2.0,4.0,4.0,1.0,1.0,1.0,1.0,1.0,1.0,0.0,2.0,2.0,2.0
